{
  "naive_att": -0.027516646975682235,
  "naive_se": 0.1621649637503535,
  "cuped_att": -0.03169629486360925,
  "cuped_se": 0.016543959774359154,
  "cuped_ci_low": -0.06412245602135319,
  "cuped_ci_high": 0.0007298662941346845,
  "variance_reduction": 0.9417262597898532,
  "permutation_p": 0.293,
  "n_treated": 232,
  "n_control": 1953
}